index,count
Former Rite Aid,71
Former Tuesday Morning,62
Former Sears,53
Former Bed Bath   Beyond,47
Former CVS,42
Former Bed Bath and Beyond,25
Former Party City,23
Former Rue 21,21
Former Big Lots,20
Former Dress Barn,14
Former Bealls,14
Former 99 Cent Only,13
Former Buy Buy Baby,13
Former Toys R Us,13
Former 99 Cents Only,11
Former Kmart,10
Former Office Depot,10
Former Express,10
Former Family Dollar,10
Former Pier One,9
Former Pier 1,9
Former JC Penney,8
Former Old Navy,8
Former Steinmart,8
Former Staples,8
Former Office Max,8
Former Macys,8
Former Sam Ash,8
Former Michaels,8
Former Davids Bridal,8
Former Petco,7
Former Christmas Tree Shops,7
Former Marshalls,6
Former Burlington,6
Former Pier 1 Imports,5
Former Aarons,5
Former H M,5
Former Dollar Tree,5
Former Dicks Sporting Goods,5
Former 99 Cent Store,4
Former Forever 21,4
Former Best Buy,4
Former Gordmans,4
Former Fashion Bug,4
Former Bed Bath Beyond,4
Former Nike,4
Former Kirklands,4
Former Joanns,3
Former DSW Shoes,3
Former Dollar General,3
Former Carsons,3
Former Goodwill,3
Former Five Below,3
Former Stein Mart,3
Former DSW,3
Former Burkes Outlet,3
Former Salvation Army,3
Former Charming Charlies,3
Former Shopko,3
Former Ulta,3
Former Home Goods,3
Former Herbergers,3
Former Albertsons,3
Former 24 Hour Fitness,3
Former Sports Authority,3
Former Ace Hardware,3
Former Rainbow,2
Former Party Depot,2
Former Sam Ash Music Store,2
Former BBB,2
Former Gap,2
Former Grocery Outlet,2
Former Save A Lot,2
Former Sleepys,2
Former Advance Auto,2
Former Kohls,2
Former Performance Bicycle,2
Former K-Mart,2
Former Namco,2
Former Bealls Outlet,2
Former Price Rite,2
Former Bonton,2
Former Mattress Firm,2
Former Gander Mountain,2
Former Loehmanns,2
Former Barnes   Noble,2
Former TJ Maxx,2
Former Bed Bath And Beyond,2
Former Smart   Final,2
Former Boot Barn,2
Former Jennifer Furniture,2
Former Petsmart,2
Former Famous Footwear,2
Former Fallas,2
Former Bartell Drugs,2
Former Annas Linens,2
Former Walgreens,2
Former MC Sports,2
Former Charming Charlie,2
Former Burlington Coat Factory,2
Former Crunch Fitness,2
Former JcPennys,2
Former Abercrombie,2
Former American Freight,2
Former JCPenney,2
Former Planet Fitness,2
Former Furniture Store,2
Former RUE21,2
Former JC Penneys,2
Former TJMaxx,2
Former Victorias Secret,2
Former Natural Grocers,2
Former Sears Hometown,2
Former Half Price Books,2
Former JcPenney,2
Former Rack Room,2
Former Big 5,2
Former Lazy Boy Furniture,1
Former Divers Unlimited,1
Former DDs Discounts,1
Former Pep Boys,1
Former Just Furniture,1
Former Pasadena Art Alliance,1
Former Stitching Post,1
Former Tillys,1
Former Harmon Face Values,1
Former Hollywood Video,1
Former Towne Book Center,1
Former Rock Thrift,1
Former Restore Habitat for Humanity,1
Former Mandees,1
Former Arcade,1
Former ULTA,1
Former Blink Gym by Dining Car,1
Former Tower Records,1
Former Romantic Kingdom,1
Former Orleans Furniture,1
Former Younkers,1
Former Canyon Club,1
Former Lamps Plus,1
Former Annas Linen,1
Former Factory 2U,1
Former Sit and Sleep,1
Former Orchard Supply,1
Formerly Known as College Square next to Raising C,1
Former Esporta,1
Former Party Fair,1
Former Rite Aid at 10th   Market,1
Former WDC,1
Former Santos Boxing,1
Former Carsons Furniture,1
Former In Shape Gym,1
Former Royal Bank,1
Former Cort Furniture,1
Former Advanced Auto,1
Former Monkey Joes,1
Former Bonton Home,1
Former Stickleys,1
Former Gander Outdoor,1
Former Peavy Mart,1
Former Great Outdoors,1
Former BiLo,1
Former OReilly Auto,1
Former Orvis Clothing,1
Upper Floor of Former Lord and Taylor,1
Former Dots,1
Former Partytime,1
Former Danker Furniture,1
Former Boscov,1
Former Goode Deals,1
Former Joann,1
Former Restoration Hardware,1
Former Thrifty Shopper,1
Former Nordstrom Rack,1
Former Rona,1
Former Dollar Store,1
Former Cali Furniture,1
Former Overstocked,1
Former Just Cabinets,1
Former Team Tom,1
Former Aaron Brothers,1
Former FabricLand Store,1
Former American Furniture,1
Former Alin Party Supply,1
Former PA Fitness,1
Former Gap Gap Kids,1
Former Charlotte Russe,1
Former La Sandla,1
Former Modells Sporting Goods,1
Former Food Lion,1
Former Harmon,1
Former Rooms To Go,1
Former American Signature Furniture,1
Former Foot Locker,1
Former Adidas,1
Former JoAnns Fabric,1
Former Goodys,1
Former Job Lot,1
Former Savers,1
Former Chuck E.Cheese,1
Former NW Hobbies,1
Former 99 Cent Only Stores,1
Former Fitness 19,1
Former Rife Furniture,1
Former Habitat For Humanity,1
Former RH Outlet Furniture,1
Former Kellie Moore Paint,1
Former Big Box Outlet Store,1
Former International Trucks,1
Former 24 HR Fitness,1
Former US Bank,1
Former Dicks,1
Former Liquidation Direct Florida,1
Former Independent Grocers,1
Former BFresh,1
Former Old Navy Outlet,1
Former American Eagle,1
Former La-Z-Boy Furniture,1
Former Save on Foods,1
Former Trader Joes,1
Former Circuit City,1
Former Maurices,1
Former Nordstrom,1
Former Le Chateau,1
Former Olympia Sports,1
Former Brunswick Home,1
Former Industrial Revolution,1
Former AC Moore,1
Former Napa Auto,1
Former Home Outfitters,1
Former City Market,1
Former Cost Plus World Market,1
Former Woodcraft,1
Former Hobby Lobby,1
Former Sprouts,1
Former Duane Reade,1
Former Waterworks,1
Former New York   Co,1
Former Leez,1
Former Reebok,1
Former Sears behind Vintage Stock,1
Former Bobs Furniture,1
Former All Star Elite,1
Former Charming Chalies,1
Former PetSmart,1
Former Unclaimed Freight,1
Former Emma Mason Furniture,1
Former Bloomingdales,1
Former Mandee,1
Former Golf Galaxy,1
Former Grow Shop,1
Former Sports Chalet,1
Former Home Life,1
Former Fareway Grocery,1
Former Bassett Furniture,1
Former Walmart,1
Former Habitat for Humanity,1
Former Christopher and Banks,1
Former Eblens,1
Former Fit Republic Health Club,1
Former Fillogic,1
Former Martini Furniture,1
Former TMPL Fitness,1
Former CTS,1
Former Barnes and Noble,1
Former Modells,1
Former Save-A-Lot,1
Former Von Maur,1
Former Dollar Floor,1
Former Verizon,1
Former Pet Supply Plus,1
Former Ashley Furniture,1
Former Canadian Tire,1
Former Walmart Neighborhood Market,1
Former Dawahares,1
Former Auto Zone,1
Former Leather Showroom,1
Former Bulk Beverage Outlet,1
Former University Bowl,1
Former Arhaus Furniture,1
Former Pharmacy,1
Former Fastenal,1
Former Stage,1
Former Overstock Furniture,1
Former Tuesday Mornings,1
Former 1st Gen,1
Former Buy Backs,1
Former Red Tag Furniture,1
Former Palmer Home Furnishings,1
Former PetCo,1
Former Shepherds Carpet,1
Lima Mall Former Elder Beerman,1
Former 99 Cents on Walzem,1
Former JoAnns,1
Former Mattress Store,1
Former Bargin Bins,1
Formers Michaels,1
Former Slumberlands,1
Former Luxury Home Furniture,1
Former Once Upon A Child,1
Former YMCA,1
Former Chair King,1
Former Amish Furniture,1
Mall of Monroe Former Carsons,1
Former Melrose,1
Former Pearland Westside Library,1
Former Bob Cat Home Furnishings,1
Former Rampage Gym,1
Former Cal TV,1
Former Amazon Blowout Store,1
Former Art Van Furniture,1
Former Sherwin Williams,1
Former Bergners,1
Former Jumpys,1
Former Elderbeerman,1
Former BuyBuy Baby,1
Former Sam Ash Music,1
Former Sutherlands,1
Former Justice,1
Former Dirt Cheap,1
Former Nike Outlet,1
Former Salvage Furniture,1
Former Thrift Store,1
Former Fabric Factory,1
Former Joann Fabric,1
Former Halloween Land,1
Former HH Gregg,1
Former Value City Furniture,1
Former 99Cent Only,1
Former Jenny Craig,1
Former Rockler,1
Former Rue21,1
Former Covid Center,1
Former HHGregg,1
Former Halloween Express Center,1
Former Versona Charming Charlies,1
Former Other Mothers,1
Former Kids   Big Kids,1
Former Sears Appliance,1
Former Pet Sense,1
Former Koko Fit Club,1
Former Leander Fit,1
Former Charter Fitness,1
Former Ardenes,1
Former Rainbow Fashion,1
Former Dollar Dash,1
Former Rack Room Shoes,1
Former Party Things,1
Former Dynamite Fireworks,1
Former USA Party Supplies,1
Former The Room Place,1
Former Halloween Havoc,1
Former Hancock Fabrics,1
Former Whole Foods,1
Former Shoppers Drug Mart,1
Former Azia Rug Gallery,1
Former BMC Lumber,1
Former Lil Niblets,1
Former Johnnys Fit Club,1
Former Bad Boy Furniture,1
Former Chapters,1
Former Total Wine,1
Former Dunhams Sports,1
Former Elder Beerman,1
Former Dillards,1
Former Dollarama,1
Former Joann Fabrics,1
Former Zion Thrift Store,1
Former Bicycle Village,1
Former Melrose Fashion,1
Former Macys World,1
Former JOANN Fabric,1
Former Sparkle,1
Former Chandler Deals,1
Former Zia Records,1
Former Childs Toy Store,1
Former LCBO,1
Former Former Buy Buy Baby,1
Former 99 Cents Only Store,1
Former Dollar Western Wear,1
Former KMart,1
Former JC Pennys,1
Former NAPA,1
Former Hair Salon,1
Former Fitness 1440,1
Former Bon-Ton,1
Former Union Co. Habitat Humanity,1
Former Big 5 Sporting Goods,1
Former Sears Hardware,1
Former Deb,1
Former Mega Thrift,1
Former Party USA,1
Former Stien Mart,1
Former Sears Home Town,1
Former Lowes,1
Former JC Penny,1
Former Tres Amigos Furniture,1
Former Lina Furniture,1
Former Sprint,1
Former Call Center,1
Former 1 Life 2 Game,1
Former Skechers Outlet,1
Former Century Cycles,1
Former Jo-Anne Fabrics,1
Former K   G,1
Former Burkes,1
Former Hancock Fabric,1
Former Trampoline Place,1
Former Kroger,1
Former Design World,1
Richland Mall Former Chuck E Cheese,1
Former Marks,1
Former Hibbett Sports,1
Sandusky Mall Former TJ Maxx,1
Former Bin Drop,1
Former Aldi,1
Former CAL Ranch Supply,1
Former New York   Company,1
Former Earth Faire,1
Former Saks Off Fifth,1
Former Anthropologie,1
Former OfficeMax,1
Former Target,1
Former Hi-Health,1
Former Zumiez,1
Former Octane Fitness,1
Former Ladlows Furniture,1
Former Dillards Mens,1
Former The North Face Clearance,1
Former Big Box,1
Former Victoria Secret,1
Former Herbegers,1
Former Barnes Noble,1
Former Post Office Warehouse,1
Former Rooms to Go,1
Former Costco,1
Former Solutions,1
Former Olympia,1
